sentence,target_word,sense
आज गर्मियों में आम बहुत मीठे होते हैं।,आम,mango
इस सप्ताह बाजार से पके आम खरीदे गए।,आम,mango
सुबह आम का रस बच्चों को पसंद है।,आम,mango
शाम को किसान ने बाग से आम तोड़े।,आम,mango
हाल ही में इस पेड़ पर बहुत आम लगे हैं।,आम,mango
इस बार कच्चे आम से अचार बनाया गया।,आम,mango
आम तौर पर उसने नाश्ते में आम खाया।,आम,mango
कार्यक्रम के दौरान आम का गूदा बहुत रसीला है।,आम,mango
बाजार में फ्रिज में ठंडे आम रखे हैं।,आम,mango
गांव में आम की फसल इस साल अच्छी रही।,आम,mango
शहर में बच्चों ने आम के टुकड़े खाए।,आम,mango
घर पर आम का मौसम शुरू हो गया।,आम,mango
स्कूल में व्यापारी ने आम की पेटियां भेजीं।,आम,mango
कार्यालय में आम का पेड़ आंगन में लगा है।,आम,mango
यात्रा के दौरान इस इलाके के आम प्रसिद्ध हैं।,आम,mango
समारोह में उसने मीठे आम से मिठाई बनाई।,आम,mango
प्रतियोगिता के दौरान बाग में आम पकने लगे।,आम,mango
मौसम बदलने पर दुकानदार ने आम तौलकर दिए।,आम,mango
सुबह जल्दी आम खाने के बाद उसने हाथ धोए।,आम,mango
रात में गांव की मंडी में आम बिक रहे हैं।,आम,mango
आज आम की खुशबू रसोई में फैल गई।,आम,mango
इस सप्ताह उसने आम का मिल्कशेक बनाया।,आम,mango
सुबह पके आम का रंग पीला हो गया।,आम,mango
शाम को किसान ने आम के बाग में सिंचाई की।,आम,mango
हाल ही में बच्चों ने पेड़ से गिरे आम उठाए।,आम,mango
इस बार आम का पना गर्मी में लोकप्रिय है।,आम,mango
आम तौर पर फलवाले ने पका आम चुनकर दिया।,आम,mango
कार्यक्रम के दौरान आम काटकर प्लेट में सजाया गया।,आम,mango
बाजार में उसने आम की गुठली अलग की।,आम,mango
गांव में बाजार में आम की कई किस्में थीं।,आम,mango
किसान ने बाग से आम तोड़े  और इस बात पर सबने ध्यान दिया।,आम,mango
बच्चों ने आम के टुकड़े खाए  इसलिए यह उदाहरण चर्चा में आया।,आम,mango
दुकानदार ने आम तौलकर दिए  इस घटना के बाद लोगों ने बात की।,आम,mango
बच्चों ने पेड़ से गिरे आम उठाए  और इसका असर सभी ने देखा।,आम,mango
बाजार से पके आम खरीदे गए  जिसे देखकर वह काफी खुश हुआ।,आम,mango
फ्रिज में ठंडे आम रखे हैं  और बाद में उसने इसकी पुष्टि की।,आम,mango
उसने मीठे आम से मिठाई बनाई  इस वजह से निर्णय लेना आसान हुआ।,आम,mango
पके आम का रंग पीला हो गया  जिसे शिक्षक ने भी समझाया।,आम,mango
बाजार में आम की कई किस्में थीं।  और परिवार ने इसे उपयोगी माना।,आम,mango
उसने नाश्ते में आम खाया  जिसके बारे में अगले दिन चर्चा हुई।,आम,mango
आम का पेड़ आंगन में लगा है  और इस बात पर सबने ध्यान दिया।,आम,mango
आम की खुशबू रसोई में फैल गई  इसलिए यह उदाहरण चर्चा में आया।,आम,mango
आम काटकर प्लेट में सजाया गया  इस घटना के बाद लोगों ने बात की।,आम,mango
इस पेड़ पर बहुत आम लगे हैं  और इसका असर सभी ने देखा।,आम,mango
आम का मौसम शुरू हो गया  जिसे देखकर वह काफी खुश हुआ।,आम,mango
आम खाने के बाद उसने हाथ धोए  और बाद में उसने इसकी पुष्टि की।,आम,mango
आम का पना गर्मी में लोकप्रिय है  इस वजह से निर्णय लेना आसान हुआ।,आम,mango
आम का रस बच्चों को पसंद है  जिसे शिक्षक ने भी समझाया।,आम,mango
आम की फसल इस साल अच्छी रही  और परिवार ने इसे उपयोगी माना।,आम,mango
बाग में आम पकने लगे  जिसके बारे में अगले दिन चर्चा हुई।,आम,mango
आज आम आदमी के लिए यह सुविधा उपयोगी है।,आम,common
इस सप्ताह यह समस्या छोटे शहरों में आम है।,आम,common
सुबह ऐसी गलती शुरुआती विद्यार्थियों में आम होती है।,आम,common
शाम को यह एक आम सवाल है।,आम,common
हाल ही में सर्दी-जुकाम होना आम बात है।,आम,common
इस बार आम लोगों को योजना का लाभ मिलेगा।,आम,common
आम तौर पर यह नाम भारत में काफी आम है।,आम,common
कार्यक्रम के दौरान बैठक में आम नागरिक शामिल हुए।,आम,common
बाजार में ऐसा व्यवहार बच्चों में आम है।,आम,common
गांव में आम परिवार के लिए यह खर्च अधिक है।,आम,common
शहर में यह बाजार में मिलने वाली आम वस्तु है।,आम,common
घर पर परीक्षा से पहले घबराहट आम अनुभव है।,आम,common
स्कूल में आम मतदाता नियमों को समझना चाहता है।,आम,common
कार्यालय में शहर में ट्रैफिक जाम आम दृश्य है।,आम,common
यात्रा के दौरान यह शब्द रोजमर्रा की हिंदी में आम है।,आम,common
समारोह में आम कर्मचारी को इसकी जानकारी नहीं थी।,आम,common
प्रतियोगिता के दौरान ऐसी अफवाहें सोशल मीडिया पर आम हैं।,आम,common
मौसम बदलने पर आम जनता ने सड़क की मरम्मत मांगी।,आम,common
सुबह जल्दी यह तरीका ग्रामीण क्षेत्रों में आम है।,आम,common
रात में ऐसे प्रश्न इंटरव्यू में आम हैं।,आम,common
आज आम ग्राहक को सरल जानकारी चाहिए।,आम,common
इस सप्ताह यह एक आम धारणा है।,आम,common
सुबह आम नागरिक को शिकायत का अधिकार है।,आम,common
शाम को इस उम्र में ऐसा व्यवहार आम माना जाता है।,आम,common
हाल ही में यात्रा में देरी होना आम समस्या है।,आम,common
इस बार यह बीमारी बरसात में आम हो जाती है।,आम,common
आम तौर पर आम परिवार बजट बनाकर चलता है।,आम,common
कार्यक्रम के दौरान आम लोगों ने बाजार का उपयोग किया।,आम,common
बाजार में यह दृश्य पर्यटन स्थलों पर आम है।,आम,common
गांव में यह गलती नए कर्मचारियों में आम है।,आम,common
यह एक आम सवाल है  और इस बात पर सबने ध्यान दिया।,आम,common
यह बाजार में मिलने वाली आम वस्तु है  इसलिए यह उदाहरण चर्चा में आया।,आम,common
आम जनता ने सड़क की मरम्मत मांगी  इस घटना के बाद लोगों ने बात की।,आम,common
यात्रा में देरी होना आम समस्या है  और इसका असर सभी ने देखा।,आम,common
यह समस्या छोटे शहरों में आम है  जिसे देखकर वह काफी खुश हुआ।,आम,common
ऐसा व्यवहार बच्चों में आम है  और बाद में उसने इसकी पुष्टि की।,आम,common
आम कर्मचारी को इसकी जानकारी नहीं थी  इस वजह से निर्णय लेना आसान हुआ।,आम,common
आम नागरिक को शिकायत का अधिकार है  जिसे शिक्षक ने भी समझाया।,आम,common
यह गलती नए कर्मचारियों में आम है।  और परिवार ने इसे उपयोगी माना।,आम,common
यह नाम भारत में काफी आम है  जिसके बारे में अगले दिन चर्चा हुई।,आम,common
शहर में ट्रैफिक जाम आम दृश्य है  और इस बात पर सबने ध्यान दिया।,आम,common
आम ग्राहक को सरल जानकारी चाहिए  इसलिए यह उदाहरण चर्चा में आया।,आम,common
आम लोगों ने बाजार का उपयोग किया  इस घटना के बाद लोगों ने बात की।,आम,common
सर्दी-जुकाम होना आम बात है  और इसका असर सभी ने देखा।,आम,common
परीक्षा से पहले घबराहट आम अनुभव है  जिसे देखकर वह काफी खुश हुआ।,आम,common
यह तरीका ग्रामीण क्षेत्रों में आम है  और बाद में उसने इसकी पुष्टि की।,आम,common
यह बीमारी बरसात में आम हो जाती है  इस वजह से निर्णय लेना आसान हुआ।,आम,common
ऐसी गलती शुरुआती विद्यार्थियों में आम होती है  जिसे शिक्षक ने भी समझाया।,आम,common
आम परिवार के लिए यह खर्च अधिक है  और परिवार ने इसे उपयोगी माना।,आम,common
ऐसी अफवाहें सोशल मीडिया पर आम हैं  जिसके बारे में अगले दिन चर्चा हुई।,आम,common
आज सोना बहुत महंगा हो गया है।,सोना,gold
इस सप्ताह उसने सोने की अंगूठी खरीदी।,सोना,gold
सुबह दुकान में सोने के आभूषण रखे थे।,सोना,gold
शाम को व्यापारी ने सोने की शुद्धता जांची।,सोना,gold
हाल ही में सोने का सिक्का तिजोरी में रखा था।,सोना,gold
इस बार उसने सोने की चेन के लिए भुगतान किया।,सोना,gold
आम तौर पर भारत में सोना लोकप्रिय निवेश है।,सोना,gold
कार्यक्रम के दौरान सोने की चमक रोशनी में दिख रही थी।,सोना,gold
बाजार में त्योहार से पहले सोने की मांग बढ़ी।,सोना,gold
गांव में उसने सोने की पतली अंगूठी बनवाई।,सोना,gold
शहर में परिवार ने शादी के लिए सोना खरीदा।,सोना,gold
घर पर सोने के सिक्के पर सुंदर डिजाइन था।,सोना,gold
स्कूल में उसने पुराने सोने को बेचने का फैसला किया।,सोना,gold
कार्यालय में सोने की चूड़ियां चमक रही थीं।,सोना,gold
यात्रा के दौरान गहने बनाने वाले ने सोना तौला।,सोना,gold
समारोह में निवेशक सोने की कीमत पर नजर रखते हैं।,सोना,gold
प्रतियोगिता के दौरान सोने की ईंट तिजोरी में रखी थी।,सोना,gold
मौसम बदलने पर मां ने सोने की बालियां दीं।,सोना,gold
सुबह जल्दी सोना और चांदी दोनों महंगे हुए।,सोना,gold
रात में दुकानदार ने सोने की शुद्धता का प्रमाण दिया।,सोना,gold
आज उसने बचत का हिस्सा सोने में लगाया।,सोना,gold
इस सप्ताह सोने की परत वाली वस्तु सुंदर थी।,सोना,gold
सुबह सोने के आभूषणों का वजन दर्ज हुआ।,सोना,gold
शाम को जौहरी ने सोना पिघलाकर नया गहना बनाया।,सोना,gold
हाल ही में सोने की कीमत सुनकर ग्राहक रुक गया।,सोना,gold
इस बार गहनों की दुकान में सोना सुरक्षित था।,सोना,gold
आम तौर पर उसने बेटी के लिए सोने की अंगूठी बनवाई।,सोना,gold
कार्यक्रम के दौरान सोने की कीमत अंतरराष्ट्रीय बाजार से प्रभावित होती है।,सोना,gold
बाजार में सोने का हार सुरक्षित डिब्बे में रखा था।,सोना,gold
गांव में सोना तौलने के लिए डिजिटल तराजू इस्तेमाल हुआ।,सोना,gold
व्यापारी ने सोने की शुद्धता जांची  और इस बात पर सबने ध्यान दिया।,सोना,gold
परिवार ने शादी के लिए सोना खरीदा  इसलिए यह उदाहरण चर्चा में आया।,सोना,gold
मां ने सोने की बालियां दीं  इस घटना के बाद लोगों ने बात की।,सोना,gold
सोने की कीमत सुनकर ग्राहक रुक गया  और इसका असर सभी ने देखा।,सोना,gold
उसने सोने की अंगूठी खरीदी  जिसे देखकर वह काफी खुश हुआ।,सोना,gold
त्योहार से पहले सोने की मांग बढ़ी  और बाद में उसने इसकी पुष्टि की।,सोना,gold
निवेशक सोने की कीमत पर नजर रखते हैं  इस वजह से निर्णय लेना आसान हुआ।,सोना,gold
सोने के आभूषणों का वजन दर्ज हुआ  जिसे शिक्षक ने भी समझाया।,सोना,gold
सोना तौलने के लिए डिजिटल तराजू इस्तेमाल हुआ।  और परिवार ने इसे उपयोगी माना।,सोना,gold
भारत में सोना लोकप्रिय निवेश है  जिसके बारे में अगले दिन चर्चा हुई।,सोना,gold
सोने की चूड़ियां चमक रही थीं  और इस बात पर सबने ध्यान दिया।,सोना,gold
उसने बचत का हिस्सा सोने में लगाया  इसलिए यह उदाहरण चर्चा में आया।,सोना,gold
सोने की कीमत अंतरराष्ट्रीय बाजार से प्रभावित होती है  इस घटना के बाद लोगों ने बात की।,सोना,gold
सोने का सिक्का तिजोरी में रखा था  और इसका असर सभी ने देखा।,सोना,gold
सोने के सिक्के पर सुंदर डिजाइन था  जिसे देखकर वह काफी खुश हुआ।,सोना,gold
सोना और चांदी दोनों महंगे हुए  और बाद में उसने इसकी पुष्टि की।,सोना,gold
गहनों की दुकान में सोना सुरक्षित था  इस वजह से निर्णय लेना आसान हुआ।,सोना,gold
दुकान में सोने के आभूषण रखे थे  जिसे शिक्षक ने भी समझाया।,सोना,gold
उसने सोने की पतली अंगूठी बनवाई  और परिवार ने इसे उपयोगी माना।,सोना,gold
सोने की ईंट तिजोरी में रखी थी  जिसके बारे में अगले दिन चर्चा हुई।,सोना,gold
आज मुझे आज जल्दी सोना है।,सोना,sleep
इस सप्ताह बच्चों को समय पर सोना चाहिए।,सोना,sleep
सुबह वह देर रात तक पढ़कर सोना चाहता था।,सोना,sleep
शाम को थकान के कारण मैं जल्दी सोना चाहता हूं।,सोना,sleep
हाल ही में डॉक्टर ने पर्याप्त सोना कहा।,सोना,sleep
इस बार छुट्टी के दिन वह देर तक सोना पसंद करता है।,सोना,sleep
आम तौर पर परीक्षा के बाद मुझे कुछ घंटे सोना था।,सोना,sleep
कार्यक्रम के दौरान रात में जल्दी सोना स्वास्थ्य के लिए अच्छा है।,सोना,sleep
बाजार में यात्रा से पहले उसने कहा कि उसे सोना है।,सोना,sleep
गांव में बच्चे ने कहा कि अब उसे सोना है।,सोना,sleep
शहर में शोर के कारण उसके लिए सोना मुश्किल था।,सोना,sleep
घर पर सुबह जल्दी उठने के लिए समय पर सोना जरूरी है।,सोना,sleep
स्कूल में वह बीमारी के दौरान ज्यादा सोना चाहता था।,सोना,sleep
कार्यालय में कमरे में अंधेरा करके वह सोना चाहता था।,सोना,sleep
यात्रा के दौरान लंबी यात्रा के बाद सभी को सोना था।,सोना,sleep
समारोह में मुझे काम खत्म करके सोना है।,सोना,sleep
प्रतियोगिता के दौरान रात में मोबाइल देखने के बजाय सोना बेहतर है।,सोना,sleep
मौसम बदलने पर बच्चा कहानी सुनते-सुनते सोना चाहता था।,सोना,sleep
सुबह जल्दी आज बहुत थकान है इसलिए सोना अच्छा रहेगा।,सोना,sleep
रात में वह बिस्तर पर गया क्योंकि उसे सोना था।,सोना,sleep
आज नींद पूरी करने के लिए जल्दी सोना चाहिए।,सोना,sleep
इस सप्ताह बच्चे को शांत कमरे में सोना पसंद है।,सोना,sleep
सुबह उसने ट्रेन में सोना तय किया।,सोना,sleep
शाम को काम के बाद वह घर जाकर सोना चाहता था।,सोना,sleep
हाल ही में रात की ड्यूटी के बाद दिन में सोना पड़ता है।,सोना,sleep
इस बार थके खिलाड़ी को कुछ समय सोना चाहिए।,सोना,sleep
आम तौर पर वह सप्ताहांत में देर तक सोना चाहता था।,सोना,sleep
कार्यक्रम के दौरान बुखार होने पर वह ज्यादा सोना चाहता था।,सोना,sleep
बाजार में डॉक्टर ने नियमित समय पर सोना सुझाया।,सोना,sleep
गांव में उसे अगले दिन काम था इसलिए जल्दी सोना था।,सोना,sleep
थकान के कारण मैं जल्दी सोना चाहता हूं  और इस बात पर सबने ध्यान दिया।,सोना,sleep
शोर के कारण उसके लिए सोना मुश्किल था  इसलिए यह उदाहरण चर्चा में आया।,सोना,sleep
बच्चा कहानी सुनते-सुनते सोना चाहता था  इस घटना के बाद लोगों ने बात की।,सोना,sleep
रात की ड्यूटी के बाद दिन में सोना पड़ता है  और इसका असर सभी ने देखा।,सोना,sleep
बच्चों को समय पर सोना चाहिए  जिसे देखकर वह काफी खुश हुआ।,सोना,sleep
यात्रा से पहले उसने कहा कि उसे सोना है  और बाद में उसने इसकी पुष्टि की।,सोना,sleep
मुझे काम खत्म करके सोना है  इस वजह से निर्णय लेना आसान हुआ।,सोना,sleep
उसने ट्रेन में सोना तय किया  जिसे शिक्षक ने भी समझाया।,सोना,sleep
उसे अगले दिन काम था इसलिए जल्दी सोना था।  और परिवार ने इसे उपयोगी माना।,सोना,sleep
परीक्षा के बाद मुझे कुछ घंटे सोना था  जिसके बारे में अगले दिन चर्चा हुई।,सोना,sleep
कमरे में अंधेरा करके वह सोना चाहता था  और इस बात पर सबने ध्यान दिया।,सोना,sleep
नींद पूरी करने के लिए जल्दी सोना चाहिए  इसलिए यह उदाहरण चर्चा में आया।,सोना,sleep
बुखार होने पर वह ज्यादा सोना चाहता था  इस घटना के बाद लोगों ने बात की।,सोना,sleep
डॉक्टर ने पर्याप्त सोना कहा  और इसका असर सभी ने देखा।,सोना,sleep
सुबह जल्दी उठने के लिए समय पर सोना जरूरी है  जिसे देखकर वह काफी खुश हुआ।,सोना,sleep
आज बहुत थकान है इसलिए सोना अच्छा रहेगा  और बाद में उसने इसकी पुष्टि की।,सोना,sleep
थके खिलाड़ी को कुछ समय सोना चाहिए  इस वजह से निर्णय लेना आसान हुआ।,सोना,sleep
वह देर रात तक पढ़कर सोना चाहता था  जिसे शिक्षक ने भी समझाया।,सोना,sleep
बच्चे ने कहा कि अब उसे सोना है  और परिवार ने इसे उपयोगी माना।,सोना,sleep
रात में मोबाइल देखने के बजाय सोना बेहतर है  जिसके बारे में अगले दिन चर्चा हुई।,सोना,sleep
आज टीम को फाइनल में हार मिली।,हार,defeat
इस सप्ताह लगातार हार से खिलाड़ी निराश हुए।,हार,defeat
सुबह मैच में मिली हार को कप्तान ने स्वीकार किया।,हार,defeat
शाम को चुनाव में उम्मीदवार को हार का सामना करना पड़ा।,हार,defeat
हाल ही में फाइनल की हार के बाद टीम ने अभ्यास बढ़ाया।,हार,defeat
इस बार एक गलती के कारण उसे हार मिली।,हार,defeat
आम तौर पर उसकी हार से विरोधी टीम उत्साहित हुई।,हार,defeat
कार्यक्रम के दौरान खिलाड़ियों ने पिछली हार से सीख ली।,हार,defeat
बाजार में सेमीफाइनल में हमारी टीम को हार मिली।,हार,defeat
गांव में लगातार हार के बावजूद उसने हिम्मत नहीं छोड़ी।,हार,defeat
शहर में मैच की हार का कारण खराब रणनीति थी।,हार,defeat
घर पर कोच ने हार के बाद खिलाड़ियों से बात की।,हार,defeat
स्कूल में इस चुनावी हार के बाद पार्टी ने समीक्षा की।,हार,defeat
कार्यालय में उसने अपनी हार की जिम्मेदारी स्वीकार की।,हार,defeat
यात्रा के दौरान टीम की हार से प्रशंसक निराश थे।,हार,defeat
समारोह में दो मैचों की हार के बाद कप्तान बदला गया।,हार,defeat
प्रतियोगिता के दौरान खेल में हार और जीत दोनों होती हैं।,हार,defeat
मौसम बदलने पर प्रतिद्वंद्वी के सामने उसे हार माननी पड़ी।,हार,defeat
सुबह जल्दी अंतिम मिनट की गलती ने हार तय कर दी।,हार,defeat
रात में हार के बाद भी खिलाड़ी मुस्कुराते रहे।,हार,defeat
आज उसकी पहली हार ने उसे बहुत कुछ सिखाया।,हार,defeat
इस सप्ताह फाइनल में हार के कारण ट्रॉफी हाथ से निकल गई।,हार,defeat
सुबह कोच ने कहा कि हार से घबराने की जरूरत नहीं।,हार,defeat
शाम को टीम ने पिछली हार का बदला अगले मैच में लिया।,हार,defeat
हाल ही में इस हार के बाद रैंकिंग में गिरावट आई।,हार,defeat
इस बार प्रतियोगिता में हार के बावजूद प्रदर्शन अच्छा था।,हार,defeat
आम तौर पर मैच की हार पर खिलाड़ियों ने चर्चा की।,हार,defeat
कार्यक्रम के दौरान हार का अंतर केवल एक अंक था।,हार,defeat
उन्होंने हार के कारणों की समीक्षा की।,हार,defeat
गांव में वह हार से निराश था लेकिन अभ्यास करता रहा।,हार,defeat
चुनाव में उम्मीदवार को हार का सामना करना पड़ा  और इस बात पर सबने ध्यान दिया।,हार,defeat
मैच की हार का कारण खराब रणनीति थी  इसलिए यह उदाहरण चर्चा में आया।,हार,defeat
प्रतिद्वंद्वी के सामने उसे हार माननी पड़ी  इस घटना के बाद लोगों ने बात की।,हार,defeat
इस हार के बाद रैंकिंग में गिरावट आई  और इसका असर सभी ने देखा।,हार,defeat
लगातार हार से खिलाड़ी निराश हुए  जिसे देखकर वह काफी खुश हुआ।,हार,defeat
सेमीफाइनल में हमारी टीम को हार मिली  और बाद में उसने इसकी पुष्टि की।,हार,defeat
दो मैचों की हार के बाद कप्तान बदला गया  इस वजह से निर्णय लेना आसान हुआ।,हार,defeat
कोच ने कहा कि हार से घबराने की जरूरत नहीं  जिसे शिक्षक ने भी समझाया।,हार,defeat
वह हार से निराश था लेकिन अभ्यास करता रहा।  और परिवार ने इसे उपयोगी माना।,हार,defeat
उसकी हार से विरोधी टीम उत्साहित हुई  जिसके बारे में अगले दिन चर्चा हुई।,हार,defeat
उसने अपनी हार की जिम्मेदारी स्वीकार की  और इस बात पर सबने ध्यान दिया।,हार,defeat
उसकी पहली हार ने उसे बहुत कुछ सिखाया  इसलिए यह उदाहरण चर्चा में आया।,हार,defeat
हार का अंतर केवल एक अंक था  इस घटना के बाद लोगों ने बात की।,हार,defeat
फाइनल की हार के बाद टीम ने अभ्यास बढ़ाया  और इसका असर सभी ने देखा।,हार,defeat
कोच ने हार के बाद खिलाड़ियों से बात की  जिसे देखकर वह काफी खुश हुआ।,हार,defeat
अंतिम मिनट की गलती ने हार तय कर दी  और बाद में उसने इसकी पुष्टि की।,हार,defeat
प्रतियोगिता में हार के बावजूद प्रदर्शन अच्छा था  इस वजह से निर्णय लेना आसान हुआ।,हार,defeat
मैच में मिली हार को कप्तान ने स्वीकार किया  जिसे शिक्षक ने भी समझाया।,हार,defeat
लगातार हार के बावजूद उसने हिम्मत नहीं छोड़ी  और परिवार ने इसे उपयोगी माना।,हार,defeat
खेल में हार और जीत दोनों होती हैं  जिसके बारे में अगले दिन चर्चा हुई।,हार,defeat
आज दुल्हन ने सोने का हार पहना।,हार,necklace
इस सप्ताह मां ने बेटी को मोतियों का हार दिया।,हार,necklace
सुबह उसके गले में सुंदर हार चमक रहा था।,हार,necklace
शाम को जौहरी ने नया हार दिखाया।,हार,necklace
हाल ही में शादी के लिए परिवार ने भारी हार खरीदा।,हार,necklace
इस बार हार में कई छोटे मोती लगे थे।,हार,necklace
आम तौर पर उसने पारंपरिक हार के साथ साड़ी पहनी।,हार,necklace
कार्यक्रम के दौरान गहने की दुकान में सुंदर हार सजे थे।,हार,necklace
बाजार में दादी ने अपना पुराना हार संभालकर रखा।,हार,necklace
गांव में सोने का हार उपहार में दिया गया।,हार,necklace
शहर में हार का डिजाइन आकर्षक था।,हार,necklace
घर पर दुल्हन के हार में लाल पत्थर जड़े थे।,हार,necklace
स्कूल में जौहरी ने हार का वजन बताया।,हार,necklace
कार्यालय में उसने हल्का हार पहनना पसंद किया।,हार,necklace
यात्रा के दौरान मां ने शादी में अपना हार पहना।,हार,necklace
समारोह में हार की चमक कमरे में दिखाई दे रही थी।,हार,necklace
प्रतियोगिता के दौरान गहनों के डिब्बे में मोतियों का हार था।,हार,necklace
मौसम बदलने पर उसने हार को कपड़े में लपेटकर रखा।,हार,necklace
सुबह जल्दी इस हार में बारीक कारीगरी है।,हार,necklace
रात में बहन ने जन्मदिन पर सुंदर हार पहना।,हार,necklace
आज दुल्हन का हार उसके परिधान से मेल खा रहा था।,हार,necklace
इस सप्ताह हार के बीच में बड़ा रत्न लगा था।,हार,necklace
सुबह जौहरी ने हार की लंबाई बदली।,हार,necklace
शाम को मंदिर में देवी की मूर्ति को हार पहनाया गया।,हार,necklace
हाल ही में उसने चांदी का हार खरीदने का फैसला किया।,हार,necklace
इस बार हार की कीमत बजट से अधिक थी।,हार,necklace
आम तौर पर शादी की तस्वीर में उसका हार साफ दिख रहा था।,हार,necklace
कार्यक्रम के दौरान मोतियों वाला हार बहुत नाजुक था।,हार,necklace
बाजार में उसने हार को लॉकर में रखा।,हार,necklace
गांव में इस पारंपरिक हार को हाथ से बनाया गया था।,हार,necklace
जौहरी ने नया हार दिखाया  और इस बात पर सबने ध्यान दिया।,हार,necklace
हार का डिजाइन आकर्षक था  इसलिए यह उदाहरण चर्चा में आया।,हार,necklace
उसने हार को कपड़े में लपेटकर रखा  इस घटना के बाद लोगों ने बात की।,हार,necklace
उसने चांदी का हार खरीदने का फैसला किया  और इसका असर सभी ने देखा।,हार,necklace
मां ने बेटी को मोतियों का हार दिया  जिसे देखकर वह काफी खुश हुआ।,हार,necklace
दादी ने अपना पुराना हार संभालकर रखा  और बाद में उसने इसकी पुष्टि की।,हार,necklace
हार की चमक कमरे में दिखाई दे रही थी  इस वजह से निर्णय लेना आसान हुआ।,हार,necklace
जौहरी ने हार की लंबाई बदली  जिसे शिक्षक ने भी समझाया।,हार,necklace
इस पारंपरिक हार को हाथ से बनाया गया था।  और परिवार ने इसे उपयोगी माना।,हार,necklace
उसने पारंपरिक हार के साथ साड़ी पहनी  जिसके बारे में अगले दिन चर्चा हुई।,हार,necklace
उसने हल्का हार पहनना पसंद किया  और इस बात पर सबने ध्यान दिया।,हार,necklace
दुल्हन का हार उसके परिधान से मेल खा रहा था  इसलिए यह उदाहरण चर्चा में आया।,हार,necklace
मोतियों वाला हार बहुत नाजुक था  इस घटना के बाद लोगों ने बात की।,हार,necklace
शादी के लिए परिवार ने भारी हार खरीदा  और इसका असर सभी ने देखा।,हार,necklace
दुल्हन के हार में लाल पत्थर जड़े थे  जिसे देखकर वह काफी खुश हुआ।,हार,necklace
इस हार में बारीक कारीगरी है  और बाद में उसने इसकी पुष्टि की।,हार,necklace
हार की कीमत बजट से अधिक थी  इस वजह से निर्णय लेना आसान हुआ।,हार,necklace
उसके गले में सुंदर हार चमक रहा था  जिसे शिक्षक ने भी समझाया।,हार,necklace
सोने का हार उपहार में दिया गया  और परिवार ने इसे उपयोगी माना।,हार,necklace
गहनों के डिब्बे में मोतियों का हार था  जिसके बारे में अगले दिन चर्चा हुई।,हार,necklace
आज कल मैं बाजार गया था।,कल,yesterday
इस सप्ताह कल रात बहुत तेज बारिश हुई थी।,कल,yesterday
सुबह कल उसने मुझे फोन किया था।,कल,yesterday
शाम को कल हमारी टीम ने मैच खेला था।,कल,yesterday
हाल ही में कल मैंने एक नई किताब खरीदी थी।,कल,yesterday
इस बार कल सुबह ट्रेन देर से आई थी।,कल,yesterday
आम तौर पर कल कार्यालय में बैठक हुई थी।,कल,yesterday
कार्यक्रम के दौरान कल वह अपने दोस्त से मिला था।,कल,yesterday
बाजार में कल शहर में भारी ट्रैफिक था।,कल,yesterday
गांव में कल हमने फिल्म देखी थी।,कल,yesterday
शहर में कल स्कूल में छुट्टी थी।,कल,yesterday
घर पर कल डॉक्टर ने आराम की सलाह दी थी।,कल,yesterday
स्कूल में कल दुकान जल्दी बंद हुई थी।,कल,yesterday
कार्यालय में कल शाम बिजली चली गई थी।,कल,yesterday
यात्रा के दौरान कल मैंने काम पूरा किया था।,कल,yesterday
समारोह में कल सड़क पर बहुत भीड़ थी।,कल,yesterday
प्रतियोगिता के दौरान कल वह दिल्ली से वापस आया था।,कल,yesterday
मौसम बदलने पर कल समाचार में जानकारी दी गई थी।,कल,yesterday
सुबह जल्दी कल सुबह मौसम ठंडा था।,कल,yesterday
रात में कल बच्चों ने मैदान में खेला था।,कल,yesterday
आज कल बैंक में लंबी कतार थी।,कल,yesterday
इस सप्ताह कल उसने परिणाम देखा था।,कल,yesterday
सुबह कल शिक्षक ने विषय समझाया था।,कल,yesterday
शाम को कल रात मैं देर से घर पहुंचा था।,कल,yesterday
हाल ही में कल बाजार में सब्जियां सस्ती थीं।,कल,yesterday
इस बार कल कंपनी ने नीति घोषित की थी।,कल,yesterday
आम तौर पर कल हमने समस्या पर चर्चा की थी।,कल,yesterday
कार्यक्रम के दौरान कल वह ट्रेन से मुंबई गया था।,कल,yesterday
बाजार में कल सुबह अखबार में खबर छपी थी।,कल,yesterday
गांव में कल मेरी बहन ने जन्मदिन मनाया था।,कल,yesterday
कल हमारी टीम ने मैच खेला था  और इस बात पर सबने ध्यान दिया।,कल,yesterday
कल स्कूल में छुट्टी थी  इसलिए यह उदाहरण चर्चा में आया।,कल,yesterday
कल समाचार में जानकारी दी गई थी  इस घटना के बाद लोगों ने बात की।,कल,yesterday
कल बाजार में सब्जियां सस्ती थीं  और इसका असर सभी ने देखा।,कल,yesterday
कल रात बहुत तेज बारिश हुई थी  जिसे देखकर वह काफी खुश हुआ।,कल,yesterday
कल शहर में भारी ट्रैफिक था  और बाद में उसने इसकी पुष्टि की।,कल,yesterday
कल सड़क पर बहुत भीड़ थी  इस वजह से निर्णय लेना आसान हुआ।,कल,yesterday
कल शिक्षक ने विषय समझाया था  जिसे शिक्षक ने भी समझाया।,कल,yesterday
कल मेरी बहन ने जन्मदिन मनाया था।  और परिवार ने इसे उपयोगी माना।,कल,yesterday
कल कार्यालय में बैठक हुई थी  जिसके बारे में अगले दिन चर्चा हुई।,कल,yesterday
कल शाम बिजली चली गई थी  और इस बात पर सबने ध्यान दिया।,कल,yesterday
कल बैंक में लंबी कतार थी  इसलिए यह उदाहरण चर्चा में आया।,कल,yesterday
कल वह ट्रेन से मुंबई गया था  इस घटना के बाद लोगों ने बात की।,कल,yesterday
कल मैंने एक नई किताब खरीदी थी  और इसका असर सभी ने देखा।,कल,yesterday
कल डॉक्टर ने आराम की सलाह दी थी  जिसे देखकर वह काफी खुश हुआ।,कल,yesterday
कल सुबह मौसम ठंडा था  और बाद में उसने इसकी पुष्टि की।,कल,yesterday
कल कंपनी ने नीति घोषित की थी  इस वजह से निर्णय लेना आसान हुआ।,कल,yesterday
कल उसने मुझे फोन किया था  जिसे शिक्षक ने भी समझाया।,कल,yesterday
कल हमने फिल्म देखी थी  और परिवार ने इसे उपयोगी माना।,कल,yesterday
कल वह दिल्ली से वापस आया था  जिसके बारे में अगले दिन चर्चा हुई।,कल,yesterday
आज कल हम दिल्ली जाएंगे।,कल,tomorrow
इस सप्ताह कल मेरी परीक्षा होगी।,कल,tomorrow
सुबह कल सुबह बैठक रखी गई है।,कल,tomorrow
शाम को कल मैं प्रोजेक्ट जमा करूंगा।,कल,tomorrow
हाल ही में कल ट्रेन सुबह आठ बजे चलेगी।,कल,tomorrow
इस बार कल वह नए कार्यालय में जाएगा।,कल,tomorrow
आम तौर पर कल मौसम साफ रहने की उम्मीद है।,कल,tomorrow
कार्यक्रम के दौरान कल स्कूल फिर खुलेगा।,कल,tomorrow
बाजार में कल हम मैच देखने जाएंगे।,कल,tomorrow
गांव में कल डॉक्टर से मिलने का समय तय है।,कल,tomorrow
शहर में कल कंपनी नई सेवा शुरू करेगी।,कल,tomorrow
घर पर कल सुबह मुझे जल्दी उठना होगा।,कल,tomorrow
स्कूल में कल परिवार के लोग घर आएंगे।,कल,tomorrow
कार्यालय में कल दुकान पर नई खेप पहुंचेगी।,कल,tomorrow
यात्रा के दौरान कल हम इस मुद्दे पर चर्चा करेंगे।,कल,tomorrow
समारोह में कल परीक्षा का परिणाम जारी होगा।,कल,tomorrow
प्रतियोगिता के दौरान कल वह मुंबई के लिए रवाना होगा।,कल,tomorrow
मौसम बदलने पर कल टीम अभ्यास करेगी।,कल,tomorrow
सुबह जल्दी कल शाम कार्यक्रम होगा।,कल,tomorrow
रात में कल मुझे बैंक जाना है।,कल,tomorrow
आज कल早晨 ट्रेन की बुकिंग खुलेगी।,कल,tomorrow
इस सप्ताह कल छात्र अपना प्रोजेक्ट दिखाएंगे।,कल,tomorrow
सुबह कल शहर में प्रदर्शनी शुरू होगी।,कल,tomorrow
शाम को कल हम नया उपकरण खरीदेंगे।,कल,tomorrow
हाल ही में कल बैठक में अंतिम फैसला लिया जाएगा।,कल,tomorrow
इस बार कल सुबह मैं रिपोर्ट भेजूंगा।,कल,tomorrow
आम तौर पर कल कंपनी कर्मचारियों को प्रशिक्षण देगी।,कल,tomorrow
कार्यक्रम के दौरान कल हम योजना की समीक्षा करेंगे।,कल,tomorrow
बाजार में कल बच्चों की खेल प्रतियोगिता होगी।,कल,tomorrow
गांव में कल रात परिवार साथ में खाना खाएगा।,कल,tomorrow
कल मैं प्रोजेक्ट जमा करूंगा  और इस बात पर सबने ध्यान दिया।,कल,tomorrow
कल कंपनी नई सेवा शुरू करेगी  इसलिए यह उदाहरण चर्चा में आया।,कल,tomorrow
कल टीम अभ्यास करेगी  इस घटना के बाद लोगों ने बात की।,कल,tomorrow
कल बैठक में अंतिम फैसला लिया जाएगा  और इसका असर सभी ने देखा।,कल,tomorrow
कल मेरी परीक्षा होगी  जिसे देखकर वह काफी खुश हुआ।,कल,tomorrow
कल हम मैच देखने जाएंगे  और बाद में उसने इसकी पुष्टि की।,कल,tomorrow
कल परीक्षा का परिणाम जारी होगा  इस वजह से निर्णय लेना आसान हुआ।,कल,tomorrow
कल शहर में प्रदर्शनी शुरू होगी  जिसे शिक्षक ने भी समझाया।,कल,tomorrow
कल रात परिवार साथ में खाना खाएगा।  और परिवार ने इसे उपयोगी माना।,कल,tomorrow
कल मौसम साफ रहने की उम्मीद है  जिसके बारे में अगले दिन चर्चा हुई।,कल,tomorrow
कल दुकान पर नई खेप पहुंचेगी  और इस बात पर सबने ध्यान दिया।,कल,tomorrow
कल早晨 ट्रेन की बुकिंग खुलेगी  इसलिए यह उदाहरण चर्चा में आया।,कल,tomorrow
कल हम योजना की समीक्षा करेंगे  इस घटना के बाद लोगों ने बात की।,कल,tomorrow
कल ट्रेन सुबह आठ बजे चलेगी  और इसका असर सभी ने देखा।,कल,tomorrow
कल सुबह मुझे जल्दी उठना होगा  जिसे देखकर वह काफी खुश हुआ।,कल,tomorrow
कल शाम कार्यक्रम होगा  और बाद में उसने इसकी पुष्टि की।,कल,tomorrow
कल सुबह मैं रिपोर्ट भेजूंगा  इस वजह से निर्णय लेना आसान हुआ।,कल,tomorrow
कल सुबह बैठक रखी गई है  जिसे शिक्षक ने भी समझाया।,कल,tomorrow
कल डॉक्टर से मिलने का समय तय है  और परिवार ने इसे उपयोगी माना।,कल,tomorrow
कल वह मुंबई के लिए रवाना होगा  जिसके बारे में अगले दिन चर्चा हुई।,कल,tomorrow
आज उसने प्रश्न का सही उत्तर दिया।,उत्तर,answer
इस सप्ताह शिक्षक ने उत्तर लिखने को कहा।,उत्तर,answer
सुबह इस सवाल का उत्तर कठिन है।,उत्तर,answer
शाम को परीक्षा में उसने सभी उत्तर सही लिखे।,उत्तर,answer
हाल ही में मुझे इस प्रश्न का उत्तर नहीं पता।,उत्तर,answer
इस बार छात्र ने तुरंत उत्तर बता दिया।,उत्तर,answer
आम तौर पर प्रश्न के नीचे उत्तर दिया गया है।,उत्तर,answer
कार्यक्रम के दौरान उसके उत्तर से शिक्षक संतुष्ट हुए।,उत्तर,answer
बाजार में इस पहेली का उत्तर सरल है।,उत्तर,answer
गांव में उसने ईमेल में सवाल का उत्तर भेजा।,उत्तर,answer
शहर में उत्तर लिखने से पहले प्रश्न पढ़ें।,उत्तर,answer
घर पर साक्षात्कार में उसने हर प्रश्न का उत्तर दिया।,उत्तर,answer
स्कूल में इस समस्या का उत्तर किताब के अंत में है।,उत्तर,answer
कार्यालय में शिक्षक ने गलत उत्तर सुधार दिया।,उत्तर,answer
यात्रा के दौरान उसने गणित के सवाल का उत्तर निकाला।,उत्तर,answer
समारोह में सही उत्तर चुनने के लिए चार विकल्प थे।,उत्तर,answer
प्रतियोगिता के दौरान विद्यार्थी ने उत्तर पुस्तिका जमा की।,उत्तर,answer
मौसम बदलने पर उसके उत्तर में आवश्यक विवरण नहीं था।,उत्तर,answer
सुबह जल्दी इस प्रश्न का उत्तर उदाहरण से समझा जा सकता है।,उत्तर,answer
रात में अधिकारी ने शिकायत का उत्तर दिया।,उत्तर,answer
आज वह उत्तर की प्रतीक्षा करने लगा।,उत्तर,answer
इस सप्ताह उसने कठिन प्रश्न का भी उत्तर दिया।,उत्तर,answer
सुबह परीक्षक ने उत्तर की जांच की।,उत्तर,answer
शाम को इस सवाल के उत्तर के लिए नियम पढ़ना होगा।,उत्तर,answer
हाल ही में उसका उत्तर बिल्कुल स्पष्ट था।,उत्तर,answer
इस बार छात्रों ने उत्तर लिखकर कॉपी जमा की।,उत्तर,answer
आम तौर पर साक्षात्कारकर्ता उसके उत्तर से प्रभावित हुआ।,उत्तर,answer
कार्यक्रम के दौरान इस प्रश्न का उत्तर दो पंक्तियों में है।,उत्तर,answer
बाजार में उसने संदेश का उत्तर तुरंत दिया।,उत्तर,answer
गांव में उत्तर पुस्तिका में उसका नाम लिखा था।,उत्तर,answer
परीक्षा में उसने सभी उत्तर सही लिखे  और इस बात पर सबने ध्यान दिया।,उत्तर,answer
उत्तर लिखने से पहले प्रश्न पढ़ें  इसलिए यह उदाहरण चर्चा में आया।,उत्तर,answer
उसके उत्तर में आवश्यक विवरण नहीं था  इस घटना के बाद लोगों ने बात की।,उत्तर,answer
उसका उत्तर बिल्कुल स्पष्ट था  और इसका असर सभी ने देखा।,उत्तर,answer
शिक्षक ने उत्तर लिखने को कहा  जिसे देखकर वह काफी खुश हुआ।,उत्तर,answer
इस पहेली का उत्तर सरल है  और बाद में उसने इसकी पुष्टि की।,उत्तर,answer
सही उत्तर चुनने के लिए चार विकल्प थे  इस वजह से निर्णय लेना आसान हुआ।,उत्तर,answer
परीक्षक ने उत्तर की जांच की  जिसे शिक्षक ने भी समझाया।,उत्तर,answer
उत्तर पुस्तिका में उसका नाम लिखा था।  और परिवार ने इसे उपयोगी माना।,उत्तर,answer
प्रश्न के नीचे उत्तर दिया गया है  जिसके बारे में अगले दिन चर्चा हुई।,उत्तर,answer
शिक्षक ने गलत उत्तर सुधार दिया  और इस बात पर सबने ध्यान दिया।,उत्तर,answer
वह उत्तर की प्रतीक्षा करने लगा  इसलिए यह उदाहरण चर्चा में आया।,उत्तर,answer
इस प्रश्न का उत्तर दो पंक्तियों में है  इस घटना के बाद लोगों ने बात की।,उत्तर,answer
मुझे इस प्रश्न का उत्तर नहीं पता  और इसका असर सभी ने देखा।,उत्तर,answer
साक्षात्कार में उसने हर प्रश्न का उत्तर दिया  जिसे देखकर वह काफी खुश हुआ।,उत्तर,answer
इस प्रश्न का उत्तर उदाहरण से समझा जा सकता है  और बाद में उसने इसकी पुष्टि की।,उत्तर,answer
छात्रों ने उत्तर लिखकर कॉपी जमा की  इस वजह से निर्णय लेना आसान हुआ।,उत्तर,answer
इस सवाल का उत्तर कठिन है  जिसे शिक्षक ने भी समझाया।,उत्तर,answer
उसने ईमेल में सवाल का उत्तर भेजा  और परिवार ने इसे उपयोगी माना।,उत्तर,answer
विद्यार्थी ने उत्तर पुस्तिका जमा की  जिसके बारे में अगले दिन चर्चा हुई।,उत्तर,answer
आज दिल्ली भारत के उत्तर में है।,उत्तर,north
इस सप्ताह हम उत्तर की ओर बढ़े।,उत्तर,north
सुबह उत्तर दिशा में पहाड़ दिखाई दे रहे थे।,उत्तर,north
शाम को कश्मीर भारत के उत्तर में स्थित है।,उत्तर,north
हाल ही में कंपास ने उत्तर दिशा दिखाई।,उत्तर,north
इस बार हमारा गांव शहर के उत्तर में है।,उत्तर,north
आम तौर पर उत्तर भारत में सर्दियां ठंडी होती हैं।,उत्तर,north
कार्यक्रम के दौरान पक्षी उत्तर की ओर उड़ रहे थे।,उत्तर,north
बाजार में नक्शे के ऊपर उत्तर दिशा दिखाई जाती है।,उत्तर,north
गांव में सेना उत्तर सीमा की ओर बढ़ी।,उत्तर,north
शहर में घर का मुख्य दरवाजा उत्तर दिशा में है।,उत्तर,north
घर पर उत्तर की ओर जाने वाली सड़क बंद थी।,उत्तर,north
स्कूल में हिमालय भारत के उत्तर में फैला है।,उत्तर,north
कार्यालय में बस उत्तर दिशा वाले मार्ग पर चली।,उत्तर,north
यात्रा के दौरान उन्होंने उत्तर की तरफ नया रास्ता चुना।,उत्तर,north
समारोह में हवा उत्तर से दक्षिण की ओर चल रही थी।,उत्तर,north
प्रतियोगिता के दौरान हमने नक्शे में उत्तर दिशा खोजी।,उत्तर,north
मौसम बदलने पर शहर का उत्तरी इलाका उत्तर दिशा में है।,उत्तर,north
सुबह जल्दी यात्री उत्तर की ट्रेन में बैठे।,उत्तर,north
रात में उत्तर भारत में गेहूं उगाया जाता है।,उत्तर,north
आज सूर्य की दिशा देखकर उसने उत्तर का अनुमान लगाया।,उत्तर,north
इस सप्ताह सीमा उत्तर में बहुत दूर है।,उत्तर,north
सुबह गांव के उत्तर में एक नदी बहती है।,उत्तर,north
शाम को पर्वत उत्तर दिशा में साफ दिखाई दे रहे थे।,उत्तर,north
हाल ही में उन्होंने घर उत्तर की ओर बनाया।,उत्तर,north
इस बार उत्तर की सड़क पहाड़ी क्षेत्र तक जाती है।,उत्तर,north
आम तौर पर नक्शे पर उत्तर को ऊपर दिखाया गया है।,उत्तर,north
कार्यक्रम के दौरान कंपास की सुई उत्तर बताती है।,उत्तर,north
बाजार में उत्तर से आने वाली हवा ठंडी थी।,उत्तर,north
गांव में यात्रा का अगला पड़ाव उत्तर दिशा में था।,उत्तर,north
कश्मीर भारत के उत्तर में स्थित है  और इस बात पर सबने ध्यान दिया।,उत्तर,north
घर का मुख्य दरवाजा उत्तर दिशा में है  इसलिए यह उदाहरण चर्चा में आया।,उत्तर,north
शहर का उत्तरी इलाका उत्तर दिशा में है  इस घटना के बाद लोगों ने बात की।,उत्तर,north
उन्होंने घर उत्तर की ओर बनाया  और इसका असर सभी ने देखा।,उत्तर,north
हम उत्तर की ओर बढ़े  जिसे देखकर वह काफी खुश हुआ।,उत्तर,north
नक्शे के ऊपर उत्तर दिशा दिखाई जाती है  और बाद में उसने इसकी पुष्टि की।,उत्तर,north
हवा उत्तर से दक्षिण की ओर चल रही थी  इस वजह से निर्णय लेना आसान हुआ।,उत्तर,north
गांव के उत्तर में एक नदी बहती है  जिसे शिक्षक ने भी समझाया।,उत्तर,north
यात्रा का अगला पड़ाव उत्तर दिशा में था।  और परिवार ने इसे उपयोगी माना।,उत्तर,north
उत्तर भारत में सर्दियां ठंडी होती हैं  जिसके बारे में अगले दिन चर्चा हुई।,उत्तर,north
बस उत्तर दिशा वाले मार्ग पर चली  और इस बात पर सबने ध्यान दिया।,उत्तर,north
सूर्य की दिशा देखकर उसने उत्तर का अनुमान लगाया  इसलिए यह उदाहरण चर्चा में आया।,उत्तर,north
कंपास की सुई उत्तर बताती है  इस घटना के बाद लोगों ने बात की।,उत्तर,north
कंपास ने उत्तर दिशा दिखाई  और इसका असर सभी ने देखा।,उत्तर,north
उत्तर की ओर जाने वाली सड़क बंद थी  जिसे देखकर वह काफी खुश हुआ।,उत्तर,north
यात्री उत्तर की ट्रेन में बैठे  और बाद में उसने इसकी पुष्टि की।,उत्तर,north
उत्तर की सड़क पहाड़ी क्षेत्र तक जाती है।  इस वजह से निर्णय लेना आसान हुआ।,उत्तर,north
उत्तर दिशा में पहाड़ दिखाई दे रहे थे  जिसे शिक्षक ने भी समझाया।,उत्तर,north
सेना उत्तर सीमा की ओर बढ़ी  और परिवार ने इसे उपयोगी माना।,उत्तर,north
हमने नक्शे में उत्तर दिशा खोजी  जिसके बारे में अगले दिन चर्चा हुई।,उत्तर,north
आज सेब एक पौष्टिक फल है।,फल,fruit
इस सप्ताह बच्चे रोज फल खाते हैं।,फल,fruit
सुबह बाजार में ताजे फल आए हैं।,फल,fruit
शाम को उसने नाश्ते में एक फल खाया।,फल,fruit
हाल ही में फलों की टोकरी रसोई में रखी थी।,फल,fruit
इस बार डॉक्टर ने भोजन में फल शामिल करने को कहा।,फल,fruit
आम तौर पर आम गर्मियों का लोकप्रिय फल है।,फल,fruit
कार्यक्रम के दौरान बगीचे में कई तरह के फल उगते हैं।,फल,fruit
बाजार में दुकानदार ने मीठे फल अलग रखे।,फल,fruit
गांव में फल धोकर खाना चाहिए।,फल,fruit
शहर में बच्चे रंग-बिरंगे फल देखकर खुश हुए।,फल,fruit
घर पर मेज पर केले और दूसरे फल रखे थे।,फल,fruit
स्कूल में फलों का रस गर्मी में राहत देता है।,फल,fruit
कार्यालय में उसने बाजार से ताजे फल खरीदे।,फल,fruit
यात्रा के दौरान पेड़ पर इस मौसम में फल लगे हैं।,फल,fruit
समारोह में फल खाने से पोषण बढ़ता है।,फल,fruit
प्रतियोगिता के दौरान टोकरी में कई पके फल थे।,फल,fruit
मौसम बदलने पर उसने फल काटकर सबको बांटे।,फल,fruit
सुबह जल्दी किसान ने खेत के पास फल बेचे।,फल,fruit
रात में फल की दुकान सुबह खुल गई।,फल,fruit
आज बच्चे स्कूल में फल लेकर आए।,फल,fruit
इस सप्ताह मौसमी फल खाना अच्छा माना जाता है।,फल,fruit
सुबह फ्रिज में फल रखे हैं।,फल,fruit
शाम को फल विक्रेता ने कीमत कम कर दी।,फल,fruit
हाल ही में उसने नाश्ते के बाद फल खाया।,फल,fruit
इस बार फलों की खुशबू कमरे में फैल गई।,फल,fruit
आम तौर पर यह पेड़ छोटे मीठे फल देता है।,फल,fruit
कार्यक्रम के दौरान बाजार में विदेशी फल भी मिलते हैं।,फल,fruit
बाजार में फल काटने के लिए चाकू इस्तेमाल हुआ।,फल,fruit
गांव में दादी ने बच्चों को ताजे फल दिए।,फल,fruit
उसने नाश्ते में एक फल खाया  और इस बात पर सबने ध्यान दिया।,फल,fruit
बच्चे रंग-बिरंगे फल देखकर खुश हुए  इसलिए यह उदाहरण चर्चा में आया।,फल,fruit
उसने फल काटकर सबको बांटे  इस घटना के बाद लोगों ने बात की।,फल,fruit
उसने नाश्ते के बाद फल खाया  और इसका असर सभी ने देखा।,फल,fruit
बच्चे रोज फल खाते हैं  जिसे देखकर वह काफी खुश हुआ।,फल,fruit
दुकानदार ने मीठे फल अलग रखे  और बाद में उसने इसकी पुष्टि की।,फल,fruit
फल खाने से पोषण बढ़ता है  इस वजह से निर्णय लेना आसान हुआ।,फल,fruit
फ्रिज में फल रखे हैं  जिसे शिक्षक ने भी समझाया।,फल,fruit
दादी ने बच्चों को ताजे फल दिए।  और परिवार ने इसे उपयोगी माना।,फल,fruit
आम गर्मियों का लोकप्रिय फल है  जिसके बारे में अगले दिन चर्चा हुई।,फल,fruit
उसने बाजार से ताजे फल खरीदे  और इस बात पर सबने ध्यान दिया।,फल,fruit
बच्चे स्कूल में फल लेकर आए  इसलिए यह उदाहरण चर्चा में आया।,फल,fruit
बाजार में विदेशी फल भी मिलते हैं  इस घटना के बाद लोगों ने बात की।,फल,fruit
फलों की टोकरी रसोई में रखी थी  और इसका असर सभी ने देखा।,फल,fruit
मेज पर केले और दूसरे फल रखे थे  जिसे देखकर वह काफी खुश हुआ।,फल,fruit
किसान ने खेत के पास फल बेचे  और बाद में उसने इसकी पुष्टि की।,फल,fruit
फलों की खुशबू कमरे में फैल गई  इस वजह से निर्णय लेना आसान हुआ।,फल,fruit
बाजार में ताजे फल आए हैं  जिसे शिक्षक ने भी समझाया।,फल,fruit
फल धोकर खाना चाहिए  और परिवार ने इसे उपयोगी माना।,फल,fruit
टोकरी में कई पके फल थे  जिसके बारे में अगले दिन चर्चा हुई।,फल,fruit
आज मेहनत का फल अच्छा मिला।,फल,result
इस सप्ताह कर्म का फल देर से मिला।,फल,result
सुबह उसके प्रयास का फल सफलता था।,फल,result
शाम को अच्छी योजना का फल दिखाई दिया।,फल,result
हाल ही में धैर्य का फल अंत में मिला।,फल,result
इस बार कड़ी मेहनत का फल अच्छे अंक थे।,फल,result
आम तौर पर उसकी ईमानदारी का फल सम्मान मिला।,फल,result
कार्यक्रम के दौरान पेड़ लगाने के प्रयास का फल वर्षों बाद मिला।,फल,result
बाजार में अभ्यास का फल बेहतर प्रदर्शन रहा।,फल,result
गांव में उसने अपने निर्णय का फल बाद में समझा।,फल,result
शहर में किसान की मेहनत का फल अच्छी फसल थी।,फल,result
घर पर शिक्षा का फल ज्ञान के रूप में मिलता है।,फल,result
स्कूल में सही योजना का फल व्यापार में लाभ हुआ।,फल,result
कार्यालय में उसके अच्छे काम का फल पुरस्कार मिला।,फल,result
यात्रा के दौरान बचत का फल कठिन समय में काम आया।,फल,result
समारोह में मेहनत का फल तुरंत नहीं मिलता।,फल,result
प्रतियोगिता के दौरान उसने वर्षों की साधना का फल सफलता में देखा।,फल,result
मौसम बदलने पर बुरे कर्म का फल भुगतना पड़ता है।,फल,result
सुबह जल्दी निवेश का फल कुछ वर्षों बाद मिला।,फल,result
रात में सही निर्णय का फल कंपनी को मिला।,फल,result
आज अनुशासन का फल बेहतर प्रदर्शन हो सकता है।,फल,result
इस सप्ताह प्रयास का फल धैर्य के बाद मिलता है।,फल,result
सुबह उसकी तैयारी का फल परिणाम में दिखा।,फल,result
शाम को किसान को मेहनत का फल मिला।,फल,result
हाल ही में साझेदारी का फल नया अवसर बना।,फल,result
इस बार उसकी मेहनत का फल परिवार की खुशी थी।,फल,result
आम तौर पर समय पर किए काम का फल अच्छा परिणाम रहा।,फल,result
कार्यक्रम के दौरान अच्छे व्यवहार का फल लोगों का विश्वास मिला।,फल,result
बाजार में लंबे अभ्यास का फल प्रतियोगिता में जीत मिली।,फल,result
गांव में उसने मेहनत का फल सफलता के रूप में पाया।,फल,result
अच्छी योजना का फल दिखाई दिया  और इस बात पर सबने ध्यान दिया।,फल,result
किसान की मेहनत का फल अच्छी फसल थी  इसलिए यह उदाहरण चर्चा में आया।,फल,result
बुरे कर्म का फल भुगतना पड़ता है  इस घटना के बाद लोगों ने बात की।,फल,result
साझेदारी का फल नया अवसर बना  और इसका असर सभी ने देखा।,फल,result
कर्म का फल देर से मिला  जिसे देखकर वह काफी खुश हुआ।,फल,result
अभ्यास का फल बेहतर प्रदर्शन रहा  और बाद में उसने इसकी पुष्टि की।,फल,result
मेहनत का फल तुरंत नहीं मिलता  इस वजह से निर्णय लेना आसान हुआ।,फल,result
उसकी तैयारी का फल परिणाम में दिखा  जिसे शिक्षक ने भी समझाया।,फल,result
उसने मेहनत का फल सफलता के रूप में पाया।  और परिवार ने इसे उपयोगी माना।,फल,result
उसकी ईमानदारी का फल सम्मान मिला  जिसके बारे में अगले दिन चर्चा हुई।,फल,result
उसके अच्छे काम का फल पुरस्कार मिला  और इस बात पर सबने ध्यान दिया।,फल,result
अनुशासन का फल बेहतर प्रदर्शन हो सकता है  इसलिए यह उदाहरण चर्चा में आया।,फल,result
अच्छे व्यवहार का फल लोगों का विश्वास मिला  इस घटना के बाद लोगों ने बात की।,फल,result
धैर्य का फल अंत में मिला  और इसका असर सभी ने देखा।,फल,result
शिक्षा का फल ज्ञान के रूप में मिलता है  जिसे देखकर वह काफी खुश हुआ।,फल,result
निवेश का फल कुछ वर्षों बाद मिला  और बाद में उसने इसकी पुष्टि की।,फल,result
उसकी मेहनत का फल परिवार की खुशी थी  इस वजह से निर्णय लेना आसान हुआ।,फल,result
उसके प्रयास का फल सफलता था  जिसे शिक्षक ने भी समझाया।,फल,result
उसने अपने निर्णय का फल बाद में समझा  और परिवार ने इसे उपयोगी माना।,फल,result
उसने वर्षों की साधना का फल सफलता में देखा  जिसके बारे में अगले दिन चर्चा हुई।,फल,result
आज उसने अपने मित्र को पत्र लिखा।,पत्र,letter
इस सप्ताह डाकिए ने मेरा पत्र पहुंचाया।,पत्र,letter
सुबह पत्र में यात्रा का विवरण था।,पत्र,letter
शाम को मुझे आज एक महत्वपूर्ण पत्र मिला।,पत्र,letter
हाल ही में उसने मां को पत्र भेजा।,पत्र,letter
इस बार पुराना पत्र अलमारी में रखा था।,पत्र,letter
आम तौर पर पत्र पढ़कर वह भावुक हो गया।,पत्र,letter
कार्यक्रम के दौरान अधिकारी ने विभाग को पत्र लिखा।,पत्र,letter
बाजार में पत्र पर तारीख दर्ज थी।,पत्र,letter
गांव में डाकघर से पत्र भेजा गया।,पत्र,letter
शहर में उसने मित्र के पत्र का उत्तर दिया।,पत्र,letter
घर पर पत्र में कार्यक्रम की जानकारी थी।,पत्र,letter
स्कूल में मुझे विश्वविद्यालय से प्रवेश पत्र मिला।,पत्र,letter
कार्यालय में उसने संपादक को पत्र लिखा।,पत्र,letter
यात्रा के दौरान पत्र के साथ दस्तावेज भेजे गए।,पत्र,letter
समारोह में उसने हाथ से लिखा पत्र संभालकर रखा।,पत्र,letter
प्रतियोगिता के दौरान पत्र मिलने के बाद परिवार खुश हुआ।,पत्र,letter
मौसम बदलने पर इस पत्र में शिकायत का विवरण था।,पत्र,letter
सुबह जल्दी डाकिया रोज पत्र बांटता था।,पत्र,letter
रात में उसने विदेश में भाई को पत्र भेजा।,पत्र,letter
आज पत्र के अंत में हस्ताक्षर था।,पत्र,letter
इस सप्ताह पुराने पत्र पढ़कर उसे बचपन याद आया।,पत्र,letter
सुबह कंपनी ने ग्राहक को आधिकारिक पत्र भेजा।,पत्र,letter
शाम को उसने पत्र को लिफाफे में रखा।,पत्र,letter
हाल ही में पत्र में बैठक की तारीख लिखी थी।,पत्र,letter
इस बार मुझे शिक्षक का पत्र कल मिला।,पत्र,letter
आम तौर पर उसने नौकरी के लिए आवेदन पत्र भरा।,पत्र,letter
कार्यक्रम के दौरान पत्र पढ़ने के बाद उसने जवाब दिया।,पत्र,letter
बाजार में इस पत्र की भाषा औपचारिक थी।,पत्र,letter
गांव में डाक से आया पत्र मेज पर रखा था।,पत्र,letter
मुझे आज एक महत्वपूर्ण पत्र मिला  और इस बात पर सबने ध्यान दिया।,पत्र,letter
उसने मित्र के पत्र का उत्तर दिया  इसलिए यह उदाहरण चर्चा में आया।,पत्र,letter
इस पत्र में शिकायत का विवरण था  इस घटना के बाद लोगों ने बात की।,पत्र,letter
पत्र में बैठक की तारीख लिखी थी  और इसका असर सभी ने देखा।,पत्र,letter
डाकिए ने मेरा पत्र पहुंचाया  जिसे देखकर वह काफी खुश हुआ।,पत्र,letter
पत्र पर तारीख दर्ज थी  और बाद में उसने इसकी पुष्टि की।,पत्र,letter
उसने हाथ से लिखा पत्र संभालकर रखा  इस वजह से निर्णय लेना आसान हुआ।,पत्र,letter
कंपनी ने ग्राहक को आधिकारिक पत्र भेजा  जिसे शिक्षक ने भी समझाया।,पत्र,letter
डाक से आया पत्र मेज पर रखा था।  और परिवार ने इसे उपयोगी माना।,पत्र,letter
पत्र पढ़कर वह भावुक हो गया  जिसके बारे में अगले दिन चर्चा हुई।,पत्र,letter
उसने संपादक को पत्र लिखा  और इस बात पर सबने ध्यान दिया।,पत्र,letter
पत्र के अंत में हस्ताक्षर था  इसलिए यह उदाहरण चर्चा में आया।,पत्र,letter
पत्र पढ़ने के बाद उसने जवाब दिया  इस घटना के बाद लोगों ने बात की।,पत्र,letter
उसने मां को पत्र भेजा  और इसका असर सभी ने देखा।,पत्र,letter
पत्र में कार्यक्रम की जानकारी थी  जिसे देखकर वह काफी खुश हुआ।,पत्र,letter
डाकिया रोज पत्र बांटता था  और बाद में उसने इसकी पुष्टि की।,पत्र,letter
मुझे शिक्षक का पत्र कल मिला  इस वजह से निर्णय लेना आसान हुआ।,पत्र,letter
पत्र में यात्रा का विवरण था  जिसे शिक्षक ने भी समझाया।,पत्र,letter
डाकघर से पत्र भेजा गया  और परिवार ने इसे उपयोगी माना।,पत्र,letter
पत्र मिलने के बाद परिवार खुश हुआ  जिसके बारे में अगले दिन चर्चा हुई।,पत्र,letter
आज पेड़ का एक पत्र जमीन पर गिर गया।,पत्र,leaf
इस सप्ताह इस पौधे का पत्र बहुत बड़ा है।,पत्र,leaf
सुबह हवा चलने पर पत्र हिलने लगे।,पत्र,leaf
शाम को हरे पत्र धूप में चमक रहे थे।,पत्र,leaf
हाल ही में पौधे के प्रत्येक पत्र पर पानी की बूंदें थीं।,पत्र,leaf
इस बार उसने सूखा पत्र किताब में दबाकर रखा।,पत्र,leaf
आम तौर पर पेड़ का पत्र पीला हो गया।,पत्र,leaf
कार्यक्रम के दौरान बारिश के बाद पत्र चमकने लगे।,पत्र,leaf
बाजार में कीड़े ने पौधे के कई पत्र खा लिए।,पत्र,leaf
गांव में बाग में चौड़े पत्र वाले पौधे उगे थे।,पत्र,leaf
शहर में उसने पौधे का पत्र ध्यान से देखा।,पत्र,leaf
घर पर शरद ऋतु में पेड़ों के पत्र गिरने लगे।,पत्र,leaf
स्कूल में एक पत्र हवा के साथ आंगन में गिरा।,पत्र,leaf
कार्यालय में हरे पत्र पौधे को सुंदर बना रहे थे।,पत्र,leaf
यात्रा के दौरान माली ने सूखे पत्र हटा दिए।,पत्र,leaf
समारोह में इस पेड़ के पत्र छोटे और गोल हैं।,पत्र,leaf
प्रतियोगिता के दौरान धूप पड़ते ही पत्रों का रंग बदल गया।,पत्र,leaf
मौसम बदलने पर बच्चे ने पेड़ से गिरा पत्र उठाया।,पत्र,leaf
सुबह जल्दी पौधे के पत्र पर छोटा कीड़ा बैठा था।,पत्र,leaf
रात में तेज हवा से कई पत्र गिर गए।,पत्र,leaf
आज नए पत्र शाखाओं पर निकल रहे हैं।,पत्र,leaf
इस सप्ताह उसने पत्र की सतह पर नसें देखीं।,पत्र,leaf
सुबह बगीचे में बड़े पत्र वाला पौधा लगाया गया।,पत्र,leaf
शाम को पानी की कमी से पत्र मुरझाए।,पत्र,leaf
हाल ही में हरे पत्रों के बीच फूल दिखाई दे रहे थे।,पत्र,leaf
इस बार माली ने रोगग्रस्त पत्र काट दिए।,पत्र,leaf
आम तौर पर सूरज की रोशनी पत्रों के बीच से आ रही थी।,पत्र,leaf
कार्यक्रम के दौरान पेड़ के पत्र बारिश में भीग गए।,पत्र,leaf
बाजार में पतझड़ में पुराने पत्र जमीन पर जमा हुए।,पत्र,leaf
गांव में पौधे का ताजा पत्र नरम था।,पत्र,leaf
हरे पत्र धूप में चमक रहे थे  और इस बात पर सबने ध्यान दिया।,पत्र,leaf
उसने पौधे का पत्र ध्यान से देखा  इसलिए यह उदाहरण चर्चा में आया।,पत्र,leaf
बच्चे ने पेड़ से गिरा पत्र उठाया  इस घटना के बाद लोगों ने बात की।,पत्र,leaf
हरे पत्रों के बीच फूल दिखाई दे रहे थे  और इसका असर सभी ने देखा।,पत्र,leaf
इस पौधे का पत्र बहुत बड़ा है  जिसे देखकर वह काफी खुश हुआ।,पत्र,leaf
कीड़े ने पौधे के कई पत्र खा लिए  और बाद में उसने इसकी पुष्टि की।,पत्र,leaf
इस पेड़ के पत्र छोटे और गोल हैं  इस वजह से निर्णय लेना आसान हुआ।,पत्र,leaf
बगीचे में बड़े पत्र वाला पौधा लगाया गया  जिसे शिक्षक ने भी समझाया।,पत्र,leaf
पौधे का ताजा पत्र नरम था।  और परिवार ने इसे उपयोगी माना।,पत्र,leaf
पेड़ का पत्र पीला हो गया  जिसके बारे में अगले दिन चर्चा हुई।,पत्र,leaf
हरे पत्र पौधे को सुंदर बना रहे थे  और इस बात पर सबने ध्यान दिया।,पत्र,leaf
नए पत्र शाखाओं पर निकल रहे हैं  इसलिए यह उदाहरण चर्चा में आया।,पत्र,leaf
पेड़ के पत्र बारिश में भीग गए  इस घटना के बाद लोगों ने बात की।,पत्र,leaf
पौधे के प्रत्येक पत्र पर पानी की बूंदें थीं  और इसका असर सभी ने देखा।,पत्र,leaf
शरद ऋतु में पेड़ों के पत्र गिरने लगे  जिसे देखकर वह काफी खुश हुआ।,पत्र,leaf
पौधे के पत्र पर छोटा कीड़ा बैठा था  और बाद में उसने इसकी पुष्टि की।,पत्र,leaf
माली ने रोगग्रस्त पत्र काट दिए  इस वजह से निर्णय लेना आसान हुआ।,पत्र,leaf
हवा चलने पर पत्र हिलने लगे  जिसे शिक्षक ने भी समझाया।,पत्र,leaf
बाग में चौड़े पत्र वाले पौधे उगे थे  और परिवार ने इसे उपयोगी माना।,पत्र,leaf
धूप पड़ते ही पत्रों का रंग बदल गया  जिसके बारे में अगले दिन चर्चा हुई।,पत्र,leaf
आज उसके बाल बहुत लंबे हैं।,बाल,hair
इस सप्ताह बालों में तेल लगाना अच्छा माना जाता है।,बाल,hair
सुबह नाई ने उसके बाल काटे।,बाल,hair
शाम को उसके बाल हवा में उड़ रहे थे।,बाल,hair
हाल ही में बालों को साफ रखना चाहिए।,बाल,hair
इस बार उसने बाल छोटे करवाए।,बाल,hair
आम तौर पर लंबे बाल संभालना कठिन होता है।,बाल,hair
कार्यक्रम के दौरान उसके बाल काले और घने हैं।,बाल,hair
बाजार में बारिश में उसके बाल भीग गए।,बाल,hair
गांव में उसने बालों में कंघी की।,बाल,hair
शहर में बाल झड़ने की समस्या से वह परेशान था।,बाल,hair
घर पर नाई ने बालों की लंबाई कम की।,बाल,hair
स्कूल में उसके बालों में धूल जमा थी।,बाल,hair
कार्यालय में बालों को धूप से बचाने के लिए टोपी पहनी।,बाल,hair
यात्रा के दौरान उसने बाल सुखाने के लिए तौलिया इस्तेमाल किया।,बाल,hair
समारोह में लड़की ने बालों की चोटी बनाई।,बाल,hair
प्रतियोगिता के दौरान बालों का रंग उम्र के साथ बदला।,बाल,hair
मौसम बदलने पर उसने बालों में शैंपू लगाया।,बाल,hair
सुबह जल्दी बालों को स्वस्थ रखना जरूरी है।,बाल,hair
रात में हवा से उसके बाल बिखर गए।,बाल,hair
आज उसने बालों को पीछे बांध लिया।,बाल,hair
इस सप्ताह नाई ने बाल बराबर काटे।,बाल,hair
सुबह उसके बाल बहुत मुलायम थे।,बाल,hair
शाम को बालों में सफेद रंग दिखाई देने लगा।,बाल,hair
हाल ही में उसने बालों की नई शैली अपनाई।,बाल,hair
इस बार सर्दी में बाल जल्दी सूखते नहीं थे।,बाल,hair
आम तौर पर उसने बालों पर तेल लगाया।,बाल,hair
कार्यक्रम के दौरान बाल कटवाने के बाद वह खुश था।,बाल,hair
बाजार में उसके बाल धूप में चमक रहे थे।,बाल,hair
गांव में कंघी करते समय कुछ बाल टूट गए।,बाल,hair
उसके बाल हवा में उड़ रहे थे  और इस बात पर सबने ध्यान दिया।,बाल,hair
बाल झड़ने की समस्या से वह परेशान था  इसलिए यह उदाहरण चर्चा में आया।,बाल,hair
उसने बालों में शैंपू लगाया  इस घटना के बाद लोगों ने बात की।,बाल,hair
उसने बालों की नई शैली अपनाई  और इसका असर सभी ने देखा।,बाल,hair
बालों में तेल लगाना अच्छा माना जाता है  जिसे देखकर वह काफी खुश हुआ।,बाल,hair
बारिश में उसके बाल भीग गए  और बाद में उसने इसकी पुष्टि की।,बाल,hair
लड़की ने बालों की चोटी बनाई  इस वजह से निर्णय लेना आसान हुआ।,बाल,hair
उसके बाल बहुत मुलायम थे  जिसे शिक्षक ने भी समझाया।,बाल,hair
कंघी करते समय कुछ बाल टूट गए।  और परिवार ने इसे उपयोगी माना।,बाल,hair
लंबे बाल संभालना कठिन होता है  जिसके बारे में अगले दिन चर्चा हुई।,बाल,hair
बालों को धूप से बचाने के लिए टोपी पहनी  और इस बात पर सबने ध्यान दिया।,बाल,hair
उसने बालों को पीछे बांध लिया  इसलिए यह उदाहरण चर्चा में आया।,बाल,hair
बाल कटवाने के बाद वह खुश था  इस घटना के बाद लोगों ने बात की।,बाल,hair
बालों को साफ रखना चाहिए  और इसका असर सभी ने देखा।,बाल,hair
नाई ने बालों की लंबाई कम की  जिसे देखकर वह काफी खुश हुआ।,बाल,hair
बालों को स्वस्थ रखना जरूरी है  और बाद में उसने इसकी पुष्टि की।,बाल,hair
सर्दी में बाल जल्दी सूखते नहीं थे  इस वजह से निर्णय लेना आसान हुआ।,बाल,hair
नाई ने उसके बाल काटे  जिसे शिक्षक ने भी समझाया।,बाल,hair
उसने बालों में कंघी की  और परिवार ने इसे उपयोगी माना।,बाल,hair
बालों का रंग उम्र के साथ बदला  जिसके बारे में अगले दिन चर्चा हुई।,बाल,hair
आज वह बाल अवस्था में बहुत चंचल था।,बाल,child
इस सप्ताह बाल को खेलते देखकर मां मुस्कुराई।,बाल,child
सुबह विद्यालय में हर बाल के लिए खेल की व्यवस्था थी।,बाल,child
शाम को वह छोटा बाल अपने पिता के साथ आया।,बाल,child
हाल ही में बाल की शिक्षा पर परिवार ध्यान देता है।,बाल,child
इस बार हर बाल को सुरक्षित वातावरण मिलना चाहिए।,बाल,child
आम तौर पर बाल ने खिलौना उठाकर खेलना शुरू किया।,बाल,child
कार्यक्रम के दौरान उस बाल की आवाज धीमी थी।,बाल,child
बाजार में शिक्षक ने बाल से उसका नाम पूछा।,बाल,child
गांव में बाल अपने माता-पिता के साथ बाजार गया।,बाल,child
शहर में उस बाल ने चित्र प्रतियोगिता जीती।,बाल,child
घर पर छोटे बाल के लिए सीट सुरक्षित थी।,बाल,child
स्कूल में बाल खेलते-खेलते थक गया।,बाल,child
कार्यालय में उस बाल को कहानी सुनना पसंद है।,बाल,child
यात्रा के दौरान बाल ने स्कूल की पोशाक पहनी।,बाल,child
समारोह में मां ने बाल को भोजन कराया।,बाल,child
प्रतियोगिता के दौरान बाल ने मित्र के साथ गेंद खेली।,बाल,child
मौसम बदलने पर वह बाल पढ़ाई में अच्छा था।,बाल,child
सुबह जल्दी बाल की मुस्कान देखकर सब खुश हुए।,बाल,child
रात में शिक्षक ने बाल को पुरस्कार दिया।,बाल,child
आज बाल अपने खिलौनों के साथ बैठा था।,बाल,child
इस सप्ताह उस बाल ने सवाल का उत्तर दिया।,बाल,child
सुबह बाल को सड़क पार करते समय सावधानी चाहिए।,बाल,child
शाम को माता-पिता बाल की जरूरतों का ध्यान रखते हैं।,बाल,child
हाल ही में बाल ने चित्र बनाकर शिक्षक को दिखाया।,बाल,child
इस बार उस बाल को खेल प्रतियोगिता में शामिल किया गया।,बाल,child
आम तौर पर बाल ने कहानी सुनकर प्रश्न पूछे।,बाल,child
कार्यक्रम के दौरान छोटा बाल अपनी मां का हाथ पकड़कर चला।,बाल,child
बाजार में बाल के लिए पुस्तकालय में किताबें थीं।,बाल,child
गांव में उस बाल ने पहली बार मंच पर भाषण दिया।,बाल,child
वह छोटा बाल अपने पिता के साथ आया  और इस बात पर सबने ध्यान दिया।,बाल,child
उस बाल ने चित्र प्रतियोगिता जीती  इसलिए यह उदाहरण चर्चा में आया।,बाल,child
वह बाल पढ़ाई में अच्छा था  इस घटना के बाद लोगों ने बात की।,बाल,child
बाल ने चित्र बनाकर शिक्षक को दिखाया  और इसका असर सभी ने देखा।,बाल,child
बाल को खेलते देखकर मां मुस्कुराई  जिसे देखकर वह काफी खुश हुआ।,बाल,child
शिक्षक ने बाल से उसका नाम पूछा  और बाद में उसने इसकी पुष्टि की।,बाल,child
मां ने बाल को भोजन कराया  इस वजह से निर्णय लेना आसान हुआ।,बाल,child
बाल को सड़क पार करते समय सावधानी चाहिए  जिसे शिक्षक ने भी समझाया।,बाल,child
उस बाल ने पहली बार मंच पर भाषण दिया।  और परिवार ने इसे उपयोगी माना।,बाल,child
बाल ने खिलौना उठाकर खेलना शुरू किया  जिसके बारे में अगले दिन चर्चा हुई।,बाल,child
उस बाल को कहानी सुनना पसंद है  और इस बात पर सबने ध्यान दिया।,बाल,child
बाल अपने खिलौनों के साथ बैठा था  इसलिए यह उदाहरण चर्चा में आया।,बाल,child
छोटा बाल अपनी मां का हाथ पकड़कर चला  इस घटना के बाद लोगों ने बात की।,बाल,child
बाल की शिक्षा पर परिवार ध्यान देता है  और इसका असर सभी ने देखा।,बाल,child
छोटे बाल के लिए सीट सुरक्षित थी  जिसे देखकर वह काफी खुश हुआ।,बाल,child
बाल की मुस्कान देखकर सब खुश हुए  और बाद में उसने इसकी पुष्टि की।,बाल,child
उस बाल को खेल प्रतियोगिता में शामिल किया गया  इस वजह से निर्णय लेना आसान हुआ।,बाल,child
विद्यालय में हर बाल के लिए खेल की व्यवस्था थी  जिसे शिक्षक ने भी समझाया।,बाल,child
बाल अपने माता-पिता के साथ बाजार गया  और परिवार ने इसे उपयोगी माना।,बाल,child
बाल ने मित्र के साथ गेंद खेली  जिसके बारे में अगले दिन चर्चा हुई।,बाल,child
आज धनुर्धर ने तीर चलाया।,तीर,arrow
इस सप्ताह तीर निशाने पर लगा।,तीर,arrow
सुबह उसने धनुष में तीर लगाया।,तीर,arrow
शाम को तीर तेजी से लक्ष्य की ओर गया।,तीर,arrow
हाल ही में योद्धा ने तरकश से तीर निकाला।,तीर,arrow
इस बार तीर लक्ष्य के बीच में लगा।,तीर,arrow
आम तौर पर धनुष और तीर युद्ध में इस्तेमाल होते थे।,तीर,arrow
कार्यक्रम के दौरान उसने अभ्यास के लिए तीर चलाया।,तीर,arrow
बाजार में तीर की नोक बहुत तेज थी।,तीर,arrow
गांव में धनुर्धर ने एक और तीर उठाया।,तीर,arrow
शहर में तीर पेड़ के तने में लगा।,तीर,arrow
घर पर प्रतियोगिता में उसने सटीक तीर चलाया।,तीर,arrow
स्कूल में तरकश में कई तीर रखे थे।,तीर,arrow
कार्यालय में तीर हवा को चीरता हुआ आगे बढ़ा।,तीर,arrow
यात्रा के दौरान निशानेबाज ने तीर धनुष पर चढ़ाया।,तीर,arrow
समारोह में पुराने किले में तीर मिले।,तीर,arrow
प्रतियोगिता के दौरान तीर लक्ष्य से दूर जाकर गिरा।,तीर,arrow
मौसम बदलने पर उसने लकड़ी का तीर बनाया।,तीर,arrow
सुबह जल्दी धनुर्धर ने तीर चलाने से पहले निशाना साधा।,तीर,arrow
रात में तीर के पिछले हिस्से पर पंख लगे थे।,तीर,arrow
आज अभ्यास के दौरान कई तीर जमीन पर गिरे।,तीर,arrow
इस सप्ताह योद्धा ने तीर छोड़ा।,तीर,arrow
सुबह तीर दीवार के पास जाकर लगा।,तीर,arrow
शाम को उसने तीर की दिशा ठीक की।,तीर,arrow
हाल ही में धनुष खींचते ही तीर आगे निकल गया।,तीर,arrow
इस बार प्रतियोगिता में तीर लक्ष्य के केंद्र पर लगा।,तीर,arrow
आम तौर पर तरकश में अंतिम तीर बचा था।,तीर,arrow
कार्यक्रम के दौरान धनुर्धर ने पुराने तीरों की जांच की।,तीर,arrow
बाजार में तीर की गति देखकर दर्शक हैरान हुए।,तीर,arrow
गांव में उसने धनुष पर नया तीर चढ़ाया।,तीर,arrow
तीर तेजी से लक्ष्य की ओर गया  और इस बात पर सबने ध्यान दिया।,तीर,arrow
तीर पेड़ के तने में लगा  इसलिए यह उदाहरण चर्चा में आया।,तीर,arrow
उसने लकड़ी का तीर बनाया  इस घटना के बाद लोगों ने बात की।,तीर,arrow
धनुष खींचते ही तीर आगे निकल गया  और इसका असर सभी ने देखा।,तीर,arrow
तीर निशाने पर लगा  जिसे देखकर वह काफी खुश हुआ।,तीर,arrow
तीर की नोक बहुत तेज थी  और बाद में उसने इसकी पुष्टि की।,तीर,arrow
पुराने किले में तीर मिले  इस वजह से निर्णय लेना आसान हुआ।,तीर,arrow
तीर दीवार के पास जाकर लगा  जिसे शिक्षक ने भी समझाया।,तीर,arrow
उसने धनुष पर नया तीर चढ़ाया।  और परिवार ने इसे उपयोगी माना।,तीर,arrow
धनुष और तीर युद्ध में इस्तेमाल होते थे  जिसके बारे में अगले दिन चर्चा हुई।,तीर,arrow
तीर हवा को चीरता हुआ आगे बढ़ा  और इस बात पर सबने ध्यान दिया।,तीर,arrow
अभ्यास के दौरान कई तीर जमीन पर गिरे  इसलिए यह उदाहरण चर्चा में आया।,तीर,arrow
धनुर्धर ने पुराने तीरों की जांच की  इस घटना के बाद लोगों ने बात की।,तीर,arrow
योद्धा ने तरकश से तीर निकाला  और इसका असर सभी ने देखा।,तीर,arrow
प्रतियोगिता में उसने सटीक तीर चलाया  जिसे देखकर वह काफी खुश हुआ।,तीर,arrow
धनुर्धर ने तीर चलाने से पहले निशाना साधा  और बाद में उसने इसकी पुष्टि की।,तीर,arrow
प्रतियोगिता में तीर लक्ष्य के केंद्र पर लगा  इस वजह से निर्णय लेना आसान हुआ।,तीर,arrow
उसने धनुष में तीर लगाया  जिसे शिक्षक ने भी समझाया।,तीर,arrow
धनुर्धर ने एक और तीर उठाया  और परिवार ने इसे उपयोगी माना।,तीर,arrow
तीर लक्ष्य से दूर जाकर गिरा  जिसके बारे में अगले दिन चर्चा हुई।,तीर,arrow
आज हम नदी के तीर पर बैठे।,तीर,river_bank
इस सप्ताह गांव नदी के तीर पर बसा है।,तीर,river_bank
सुबह मछुआरे तीर के पास नाव बांधते हैं।,तीर,river_bank
शाम को सुबह लोग नदी के तीर पर टहलते हैं।,तीर,river_bank
हाल ही में नदी के तीर पर पेड़ लगे हैं।,तीर,river_bank
इस बार उसने तीर पर बैठकर सूर्यास्त देखा।,तीर,river_bank
आम तौर पर बारिश के बाद नदी का तीर कटने लगा।,तीर,river_bank
कार्यक्रम के दौरान मछुआरों ने तीर के पास जाल फैलाया।,तीर,river_bank
बाजार में नदी के तीर पर एक मंदिर है।,तीर,river_bank
गांव में पर्यटक नदी के तीर पर तस्वीरें लेते हैं।,तीर,river_bank
शहर में गांव के लोग नदी के तीर से पानी भरते थे।,तीर,river_bank
घर पर तीर के पास मिट्टी नम थी।,तीर,river_bank
स्कूल में नदी का तीर हरी घास से ढका था।,तीर,river_bank
कार्यालय में बच्चे नदी के तीर पर खेल रहे थे।,तीर,river_bank
यात्रा के दौरान उसने नाव तीर के पास रोक दी।,तीर,river_bank
समारोह में सुबह नदी के तीर पर धुंध थी।,तीर,river_bank
प्रतियोगिता के दौरान पेड़ नदी के तीर को छाया देते हैं।,तीर,river_bank
मौसम बदलने पर मछुआरे शाम को तीर की ओर लौटे।,तीर,river_bank
सुबह जल्दी नदी के तीर पर बाजार लगता है।,तीर,river_bank
रात में बाढ़ में नदी का तीर टूट गया।,तीर,river_bank
आज लोग नदी के तीर पर पिकनिक मनाने आए।,तीर,river_bank
इस सप्ताह गांव से नदी के तीर तक रास्ता जाता है।,तीर,river_bank
सुबह तीर पर बैठकर उसने किताब पढ़ी।,तीर,river_bank
शाम को नदी के तीर पर पक्षियों की आवाज थी।,तीर,river_bank
हाल ही में मंदिर नदी के तीर से दूर है।,तीर,river_bank
इस बार नदी का तीर सुबह शांत था।,तीर,river_bank
आम तौर पर नाविक ने नाव तीर से बांध दी।,तीर,river_bank
कार्यक्रम के दौरान नदी के तीर पर रेत जमा थी।,तीर,river_bank
बाजार में बच्चे तीर के पास पत्थर जमा कर रहे थे।,तीर,river_bank
गांव में सूरज ढलते समय नदी का तीर सुंदर लगा।,तीर,river_bank
सुबह लोग नदी के तीर पर टहलते हैं  और इस बात पर सबने ध्यान दिया।,तीर,river_bank
गांव के लोग नदी के तीर से पानी भरते थे  इसलिए यह उदाहरण चर्चा में आया।,तीर,river_bank
मछुआरे शाम को तीर की ओर लौटे  इस घटना के बाद लोगों ने बात की।,तीर,river_bank
मंदिर नदी के तीर से दूर है  और इसका असर सभी ने देखा।,तीर,river_bank
गांव नदी के तीर पर बसा है  जिसे देखकर वह काफी खुश हुआ।,तीर,river_bank
नदी के तीर पर एक मंदिर है  और बाद में उसने इसकी पुष्टि की।,तीर,river_bank
सुबह नदी के तीर पर धुंध थी  इस वजह से निर्णय लेना आसान हुआ।,तीर,river_bank
तीर पर बैठकर उसने किताब पढ़ी  जिसे शिक्षक ने भी समझाया।,तीर,river_bank
सूरज ढलते समय नदी का तीर सुंदर लगा।  और परिवार ने इसे उपयोगी माना।,तीर,river_bank
बारिश के बाद नदी का तीर कटने लगा  जिसके बारे में अगले दिन चर्चा हुई।,तीर,river_bank
बच्चे नदी के तीर पर खेल रहे थे  और इस बात पर सबने ध्यान दिया।,तीर,river_bank
लोग नदी के तीर पर पिकनिक मनाने आए  इसलिए यह उदाहरण चर्चा में आया।,तीर,river_bank
नदी के तीर पर रेत जमा थी  इस घटना के बाद लोगों ने बात की।,तीर,river_bank
नदी के तीर पर पेड़ लगे हैं  और इसका असर सभी ने देखा।,तीर,river_bank
तीर के पास मिट्टी नम थी  जिसे देखकर वह काफी खुश हुआ।,तीर,river_bank
नदी के तीर पर बाजार लगता है  और बाद में उसने इसकी पुष्टि की।,तीर,river_bank
नदी का तीर सुबह शांत था  इस वजह से निर्णय लेना आसान हुआ।,तीर,river_bank
मछुआरे तीर के पास नाव बांधते हैं  जिसे शिक्षक ने भी समझाया।,तीर,river_bank
पर्यटक नदी के तीर पर तस्वीरें लेते हैं  और परिवार ने इसे उपयोगी माना।,तीर,river_bank
पेड़ नदी के तीर को छाया देते हैं  जिसके बारे में अगले दिन चर्चा हुई।,तीर,river_bank
